menu_week_start,scraped_at,id,core_recipe_id,name,portion_weight_g,kcal_per_portion,protein_g_per_portion,fat_g_per_portion,fat_saturates_g_per_portion,carbs_g_per_portion,sugars_g_per_portion,fibre_g_per_portion,salt_g_per_portion,kcal_per_100g,protein_g_per_100g,fat_g_per_100g,fat_saturates_g_per_100g,carbs_g_per_100g,sugars_g_per_100g,fibre_g_per_100g,salt_g_per_100g,five_a_day,prep_time_min,preparation_type,spice_level,food_brand,dietary_claims,rating_avg,rating_count,is_available
2026-05-26,2026-05-20,899d1aa2-a8cc-40cb-8874-9bb1626446bc,15134,"'Everything Chopped' Salmon, Dill & Cream Cheese Bagel",,398,21.4,14.6,,46.5,,,1.53,,,,,,,,,1,10,full-prep,no spice,Breakfast Time,,0,0,True
2026-05-26,2026-05-20,5e787ffd-93ec-45d9-bcf4-9868641460d8,8719,2 Meals: Bolognese Jacket Potato x Bolognese Conchiglie,1098,1528,80.2,66.4,28.6,153.8,31.0,19.4,4.53,139,7.3,6.0,2.6,14.0,2.8,1.8,0.41,3,65,full-prep,no spice,Batch Cooking,,4.47,112,True
2026-05-26,2026-05-20,4188c0aa-e248-4011-a9e8-51c8123e9bec,8701,2 Meals: Pulled Shiitake Mushrooms Bourguignon x Ragú Tortiglioni,784,1217,42.8,34.8,18.0,147.2,24.6,41.4,7.66,155,5.5,4.4,2.3,18.8,3.1,5.3,0.98,2,45,full-prep,no spice,Batch Cooking,Vegan; Vegetarian; Dairy Free,4.52,158,True
2026-05-26,2026-05-20,b250ccf4-f1f4-40d4-b9b2-fcc89d05798c,8883,2 Meals: Thai Red Chicken Noodles x Thai Chicken & Pepper Stew,696,1259,65.9,49.6,24.8,134.2,18.3,11.5,5.25,180,9.5,7.1,3.6,19.3,2.6,1.7,0.76,1,45,full-prep,spicy,Batch Cooking,Dairy Free,4.3,61,True
2026-05-26,2026-05-20,ba87a8c0-7a14-41a6-94db-414eb07582a5,5304,All In One Halloumi Souvlaki-Style Salad,538,517,29.0,25.4,16.7,46.7,16.9,8.3,2.41,96,5.4,4.7,3.1,8.7,3.1,1.5,0.45,3,45,full-prep,no spice,Prepped in 5,Vegetarian; Gluten Free,4.31,9288,True
2026-05-26,2026-05-20,5b868f9a-78d0-41f0-9bcf-d057dfb0565e,13130,All In One Honey Baked Greek Cheese & Crispy Gnocchi,474,478,20.4,11.1,7.3,75.5,16.0,5.7,2.36,100,4.3,2.3,1.5,15.9,3.4,1.2,0.5,3,40,full-prep,mild,Prepped in 5,Vegetarian,4.22,1732,True
2026-05-26,2026-05-20,5ac0d218-0a90-4d97-b1f3-4796e931a27b,1606,Bacon & Mushroom Alfredo,290,605,26.1,21.4,10.6,73.0,5.6,3.5,1.9,208,9.0,7.4,3.7,25.2,1.9,1.2,0.66,1,10,full-prep,no spice,10-Minute,,4.35,24439,True
2026-05-26,2026-05-20,c7769cb7-5906-4963-b199-3d90351b9698,14066,Baked Basa Goujons With Potatoes & Lemony Greens,427,429,30.3,14.9,1.7,44.7,7.8,7.4,0.19,100,7.1,3.5,0.4,10.5,1.8,1.7,0.04,2,35,full-prep,no spice,Nutrient Rich,Dairy Free,4.06,154,True
2026-05-26,2026-05-20,aa1114e2-066e-4f4b-8720-b6b89261e583,6604,Baked Cantonese-Style Soy Cod With Rice,328,386,28.3,2.7,0.5,60.5,3.2,4.0,2.9,117,8.6,0.8,0.1,18.4,1.0,1.2,0.88,2,45,full-prep,spicy,Prepped in 5,Dairy Free,3.86,14,True
2026-05-26,2026-05-20,dc24bc3e-7cd2-4084-b6aa-1af0a63b7fff,6205,Baked Harissa & Red Wine Orzo With Honey Greek Cheese,339,509,20.9,12.5,7.4,77.4,21.7,6.5,1.9,150,6.2,3.7,2.2,22.8,6.4,1.9,0.56,2,35,full-prep,mild,Modern Bistro,Vegetarian,4.12,9396,True
2026-05-26,2026-05-20,0b2a25d9-80c3-47ae-9945-b129bfdc8b30,993,Bang Bang Chicken With Crunchy Rice Salad,414,537,37.4,19.4,3.1,53.0,6.9,5.4,1.62,129,9.1,4.7,0.7,12.8,1.7,1.3,0.39,2,35,full-prep,mild,Global Kitchen,Dairy Free,4.46,27073,True
2026-05-26,2026-05-20,2d82537a-dbda-4b86-8ab0-9831818b23a5,357,Basa À La Meunière,384,241,24.6,2.0,0.7,32.5,2.7,4.3,0.33,62,6.4,0.5,0.2,8.5,0.7,1.1,0.09,1,35,full-prep,no spice,Modern Bistro,Dairy Free; Gluten Free,4.18,17841,True
2026-05-26,2026-05-20,04eddc6a-9948-4f21-b742-dac8e4be0ee1,3078,BBQ Chicken Loaded Cheesy Fries,556,654,42.6,30.5,18.2,55.6,15.5,6.5,1.25,117,7.7,5.5,3.3,10.0,2.8,1.2,0.22,1,40,full-prep,no spice,Takeaway Night,,4.37,11463,True
2026-05-26,2026-05-20,2f819adf-d46f-4e64-ae90-cd898b2b3296,13358,BBQ Pulled Pork With Loaded Potatoes And Creamy Slaw,,680,42.2,36.9,,46.7,,,2.03,,,,,,,,,1,45,full-prep,mild,Gastropub,,4.58,1362,True
2026-05-26,2026-05-20,ffbf7861-a6a0-4c16-a350-3df09b430eac,1620,Beany Chilli With Avocado Salsa And Brown Rice,487,581,17.9,16.9,4.3,81.7,13.4,21.7,2.49,119,3.7,3.5,0.9,16.8,2.8,4.4,0.51,4,45,full-prep,spicy,Fibre Fix,Vegan; Vegetarian; Dairy Free; Gluten Free,4.28,13410,True
2026-05-26,2026-05-20,0c739819-2e20-4053-84cf-9b868b4c24f5,7463,Beef & Mushroom Bolognese With Wholewheat Tortiglioni,435,500,31.1,14.8,6.0,64.7,13.2,11.1,2.11,114,7.1,3.4,1.4,14.9,3.0,2.6,0.48,3,35,full-prep,no spice,Calorie Controlled,,4.32,10745,True
2026-05-26,2026-05-20,12ba215a-c057-4108-8c1d-914949f2c826,4496,"Beef Chilli Con Carne, Sweet Potato & Smashed Avocado",637,639,34.5,29.1,10.9,60.9,18.9,13.6,1.44,100,5.4,4.6,1.7,9.6,3.0,2.1,0.23,5,45,full-prep,spicy,Global Kitchen,Dairy Free; Gluten Free,4.5,1017,True
2026-05-26,2026-05-20,4a80183d-db3f-4c50-ba0b-6403783c01c4,14771,Beef Keema Rice With Lime And Coriander,384,491,31.4,21.8,8.9,40.8,12.8,7.2,1.89,127,8.2,5.7,2.3,10.6,3.3,1.9,0.49,2,30,full-prep,mild,Nutrient Rich,Dairy Free; Gluten Free,4.37,415,True
2026-05-26,2026-05-20,fdd69213-c9b2-4b96-abb6-ff9796cf34dc,8255,Birria-Inspired Pork & Black Bean Bowl With Pitta Chips,428,544,42.8,15.1,5.6,53.7,11.2,15.3,2.43,127,10.0,3.5,1.3,12.5,2.6,3.6,0.57,2,60,full-prep,mild,Fibre Fix,,4.44,439,True
2026-05-26,2026-05-20,f09226ec-fc44-41b2-af61-fe0c21cf1a67,8275,Brazilian-Inspired Spicy Halloumi With Charred Corn Salad,462,489,27.9,25.8,16.8,39.6,17.5,6.6,2.39,105,6.0,5.6,3.6,8.6,3.8,1.4,0.52,3,25,full-prep,spicy,Global Kitchen,Vegetarian; Gluten Free,4.35,2022,True
2026-05-26,2026-05-20,7979ab7a-fe3c-4d87-a8a8-8abf13e5b0ec,7296,"Burmese-Style Fried Sea Bass, Sticky Rice & Pak Choi",390,535,31.9,15.3,3.7,68.4,6.2,3.4,1.78,137,8.2,3.9,1.0,17.5,1.6,0.9,0.45,2,40,full-prep,mild,Ultimate Fakeaway,Dairy Free,4.26,446,True
2026-05-26,2026-05-20,8f98e9e4-68bd-49ac-81f3-d957ea286e09,7671,Butter Chicken Curry Loaded Naan With Minty Cucumber,397,473,39.4,9.2,2.4,55.5,10.0,4.5,1.52,119,9.9,2.3,0.6,14.0,2.5,1.1,0.38,2,20,full-prep,mild,Protein Hit,,4.5,4741,True
2026-05-26,2026-05-20,8b0d4bd6-fb2a-48f4-8ab1-2e4d148adc16,362,Caramelised Onion Burger With Chipotle Mayo,489,731,34.8,35.6,9.9,68.2,12.7,8.7,0.99,149,7.1,7.3,2.0,13.9,2.6,1.8,0.2,2,45,full-prep,mild,Takeaway Night,Dairy Free,4.39,47341,True
2026-05-26,2026-05-20,9cffd932-4cf4-4815-81ba-653e082e54cc,9095,Chana Masala-Inspired Bean Bowl With Coconut & Naan,396,528,21.0,17.0,6.6,68.5,10.3,16.1,2.74,133,5.3,4.3,1.7,17.3,2.6,4.1,0.69,3,25,full-prep,spicy,Fibre Fix,Vegan; Vegetarian; Dairy Free,4.46,481,True
2026-05-26,2026-05-20,85910694-f2a0-4a62-8127-a76d61477c8e,14247,Char Siu Chicken Thigh Caesar Salad,,531,35.0,29.7,,30.4,,,1.42,,,,,,,,,2,25,full-prep,mild,20 minute meals,,0,0,True
2026-05-26,2026-05-20,83f734c9-a15d-421b-a026-960dbd90b617,13117,Cheesy Baked Basa And Pea Greens With Garlic Butter,,412,34.0,9.5,,49.8,,,0.48,,,,,,,,,2,35,full-prep,no spice,Family Kitchen,,4.48,1849,True
2026-05-26,2026-05-20,8ba7b1a6-6ec4-4254-a013-41c3593f95c9,10871,Cheesy Black Bean Enchiladas,,558,23.5,16.6,,71.5,,,2.46,,,,,,,,,3,35,full-prep,mild,Global Kitchen,Vegetarian,4.12,2337,True
2026-05-26,2026-05-20,44a165e7-7535-4170-a0ac-ff8f2514bd95,2043,Cheesy Pepperoni Pasta Bake,365,615,29.1,26.1,15.2,70.4,12.0,7.2,2.02,168,8.0,7.1,4.2,19.3,3.3,2.0,0.55,3,40,full-prep,mild,Modern Bistro,,4.33,43559,True
2026-05-26,2026-05-20,0ecee7e6-88de-4fc8-ab5c-049d6b0dc28a,14738,Chicken & Vegetable Wholewheat Hoisin Noodles,358,393,34.0,10.2,2.0,40.5,18.0,7.0,2.01,109,9.5,2.9,0.6,11.3,5.0,2.0,0.56,2,30,full-prep,no spice,Nutrient Rich,Dairy Free,4.22,302,True
2026-05-26,2026-05-20,8232d498-f706-4929-a1b5-b906d244dd3a,6307,Chicken Katsu Bao Bun Feast With Sesame Rice,549,973,47.4,25.4,10.7,137.1,7.9,8.6,3.34,177,8.6,4.6,2.0,25.0,1.4,1.6,0.61,2,40,full-prep,mild,Ultimate Fakeaway,Dairy Free,4.26,1992,True
2026-05-26,2026-05-20,82ab1b10-988c-4b3e-aec0-5bcaf140fe3e,9354,Chicken Kebab Shop-Style Loaded Sweet Potato Chips,498,568,36.4,24.9,7.1,52.1,17.8,7.0,1.6,113,7.3,5.0,1.4,10.5,3.6,1.4,0.32,3,35,full-prep,mild,Takeaway Night,Gluten Free,0,0,True
2026-05-26,2026-05-20,ba002245-e524-47f7-a6bd-72b4083b6efc,6411,Chicken Milanese & Spaghetti Pomodoro,376,640,47.1,8.5,3.5,92.1,10.2,5.1,1.44,170,12.5,2.3,0.9,24.5,2.7,1.4,0.38,2,35,full-prep,no spice,Modern Bistro,,4.21,11645,True
2026-05-26,2026-05-20,7f711d05-390a-43de-9d0c-2b524970b1b9,5882,Chicken Tamarind Curry With Turmeric Rice,329,585,38.6,16.0,10.3,70.1,10.6,5.3,1.93,177,11.7,4.8,3.1,21.3,3.2,1.6,0.59,2,35,full-prep,mild,Global Kitchen,Gluten Free,4.5,6712,True
2026-05-26,2026-05-20,b650f20e-312e-45ea-8fdc-24f6c7c7f45a,15642,Chicken Thigh & Chips With Mixed Salad And Gravy Mayo,,612,33.6,35.9,,40.7,,,1.56,,,,,,,,,3,35,full-prep,no spice,Everyday Favourites,Dairy Free; Gluten Free,0,0,True
2026-05-26,2026-05-20,57af8d77-6ec5-4909-b8b2-25cf223025fe,8434,Chicken Thigh Gyros & Hot Honey Halloumi Greek-Style Feast,,1132,68.4,46.6,,110.3,,,3.63,,,,,,,,,2,45,full-prep,spicy,Ultimate Fakeaway,,4.39,124,True
2026-05-26,2026-05-20,1ee878ad-e1a9-4aa8-a0f6-1115f0818831,1994,Chicken Tikka Masala With Coriander Rice,448,496,39.4,7.3,2.2,67.6,13.5,6.3,1.99,110,8.8,1.6,0.5,15.1,3.0,1.4,0.45,3,40,full-prep,mild,Calorie Controlled,Gluten Free,4.16,13181,True
2026-05-26,2026-05-20,26a7507d-71c2-43ac-91ea-793d28f80834,1552,Chicken Tikka Masala With Rice,390,598,34.2,22.2,9.6,65.0,5.1,3.9,1.33,153,8.8,5.7,2.4,16.6,1.3,1.0,0.34,1,10,full-prep,mild,10-Minute,Gluten Free,4.3,23430,True
2026-05-26,2026-05-20,70fdf51b-1c17-471a-941e-47c2a7ac5d86,15802,Chicken Tikka Masala With Saffron Rice,391,512,29.7,20.3,6.3,47.3,11.3,10.6,2.89,130,7.6,5.2,1.6,12.1,2.9,2.7,0.74,2,7,heat-only,mild,Heat & Eat,,0,0,True
2026-05-26,2026-05-20,3925452b-6fdc-45fa-98f5-e7901f1c0011,3845,Chicken With Creamy Tomato Sauce And Harissa Mash,466,367,33.2,11.9,5.3,33.4,11.7,7.6,1.07,78,7.1,2.6,1.1,7.2,2.5,1.6,0.23,3,30,full-prep,spicy,Global Kitchen,Gluten Free,4,29119,True
2026-05-26,2026-05-20,58a09125-9773-479a-9499-0a59338f82be,15518,"Chicken, Bacon & Red Wine Chasseur With Crushed Potatoes",,439,43.1,13.7,,37.7,,,2.9,,,,,,,,,1,10,full-prep,no spice,Fine Dine In,Dairy Free; Gluten Free,4.48,114,True
2026-05-26,2026-05-20,41a277ce-8c92-4238-8342-84413c44655e,14708,"Chicken, Lentil & Walnut Salad With Pesto",370,431,36.4,25.6,3.9,11.8,4.4,6.4,1.01,116,9.8,6.9,1.0,3.2,1.2,1.7,0.27,3,25,full-prep,no spice,Nutrient Rich,Gluten Free,4.14,147,True
2026-05-26,2026-05-20,e617c520-24b8-4cbb-9f4a-ef3e8c362daf,2728,Chorizo & Spinach Conchiglie Pasta Bake,378,825,35.1,40.1,19.5,80.5,9.1,4.5,2.68,218,9.3,10.6,5.2,21.3,2.4,1.2,0.71,2,35,full-prep,no spice,Modern Bistro,,4.37,15420,True
2026-05-26,2026-05-20,42b864e3-431b-4222-9dc6-fbf1a8e0db9b,9097,Coconut Chicken Meatballs & Courgette Curry With Rice,374,544,33.9,15.0,9.7,67.0,7.1,5.6,1.93,145,9.1,4.0,2.6,17.9,1.9,1.5,0.52,2,25,full-prep,mild,20 minute meals,Dairy Free; Gluten Free,4.19,2035,True
2026-05-26,2026-05-20,7e28848a-f04b-4087-a16f-9a0de5465a69,6854,Courgette & Black Pepper Sauce With Fresh Tagliatelle,282,446,18.4,6.2,3.5,78.4,5.2,3.8,1.54,157,6.5,2.2,1.2,27.8,1.9,1.4,0.55,1,10,full-prep,no spice,Pasta Pronto,Vegetarian,4.15,2749,True
2026-05-26,2026-05-20,a4bc0bc6-36f5-41e3-88b7-4e6ff0799761,2697,Creamy Basa & Chip Pie With Peas,424,386,28.7,8.6,4.7,50.8,8.0,8.9,1.68,91,6.8,2.0,1.1,12.0,1.9,2.1,0.4,1,45,full-prep,no spice,Modern Bistro,,4.1,6600,True
2026-05-26,2026-05-20,536351d7-6e96-4500-98a1-326abecb4ed7,1494,Creamy Chicken & Pesto Farfalle With Basil,380,780,47.6,31.5,11.9,81.7,5.8,5.4,2.12,205,12.5,8.3,3.1,21.5,1.5,1.4,0.56,1,25,full-prep,no spice,20 minute meals,,4.31,17169,True
2026-05-26,2026-05-20,cecffa40-54f1-47cb-a53b-ac149548b002,5961,Creamy Chicken Potato-Topped Pie,,433,35.4,11.6,,50.0,,,1.89,,,,,,,,,1,55,full-prep,no spice,Modern Bistro,,4.5,7672,True
2026-05-26,2026-05-20,ea79aa95-8de8-41a0-a04e-764ed40f4363,5174,"Creamy Chicken, Bacon & Mushroom Stew",562,514,42.6,19.3,8.2,44.3,13.8,6.7,2.28,91,7.6,3.4,1.5,7.9,2.5,1.2,0.41,2,10,full-prep,no spice,Gastropub,Gluten Free,4.52,26979,True
2026-05-26,2026-05-20,bd699ab9-9c01-4ae6-81a6-236b64af0ba5,11064,Creamy Chorizo & Butternut Squash Farfalle,,715,25.3,31.7,,87.6,,,2.56,,,,,,,,,1,25,full-prep,mild,20 minute meals,,4.44,884,True
2026-05-26,2026-05-20,1b8ef65f-622b-4195-871b-4f76d0e0ca7c,12137,Creamy Corn Wholewheat Tortiglioni,232,483,19.0,16.9,9.4,68.3,12.6,10.4,1.87,208,8.2,7.3,4.0,29.5,5.4,4.5,0.81,2,25,full-prep,mild,20 minute meals,Vegetarian,4.28,155,True
2026-05-26,2026-05-20,a2ca4894-3614-44d6-99ed-04d272bf0db0,6744,Creamy Lemon & Asparagus Sauce With Fresh Tagliatelle,311,561,20.0,17.9,11.0,79.2,5.6,5.0,1.58,180,6.4,5.8,3.5,25.5,1.8,1.6,0.51,1,10,full-prep,no spice,Pasta Pronto,Vegetarian,4.21,5707,True
2026-05-26,2026-05-20,f8acdc7b-7b1e-42b9-b0fc-164df827b360,5606,Creamy Pea & Spinach Gnocchi With Pine Nuts,500,594,19.0,23.6,2.8,77.5,11.3,8.9,2.27,118,3.8,4.7,0.6,15.5,2.3,1.8,0.45,2,10,full-prep,no spice,10-Minute,Vegan; Vegetarian; Dairy Free,4.16,5526,True
2026-05-26,2026-05-20,4250d7a4-21ce-4cb1-81f6-6b00f1b4a951,7979,Creamy Peri Peri Chicken Thigh Fajita Orzo,375,667,42.7,26.3,12.2,64.0,11.0,6.3,1.81,177,11.4,7.0,3.2,17.1,2.9,1.7,0.48,2,10,full-prep,mild,10-Minute,,4.34,2205,True
2026-05-26,2026-05-20,d0d5c7fa-2994-44f9-8249-b3866a90ffa4,2001,"Creamy Pesto, Chicken Thigh & Spinach Spaghetti",333,808,43.5,37.2,12.4,73.3,5.3,3.8,2.56,242,13.1,11.2,3.7,22.0,1.6,1.1,0.77,1,10,full-prep,no spice,10-Minute,,4.28,39250,True
2026-05-26,2026-05-20,5232ca12-b23a-439c-b652-422cee846f92,9400,Creamy Salmon & Chilli Orecchiette With Brown Butter Pine Nuts,,748,38.1,30.3,,78.2,,,1.65,,,,,,,,,1,10,full-prep,spicy,Fine Dine In,,0,0,True
2026-05-26,2026-05-20,122f2a13-49f3-429c-affd-aff046922e02,1806,"Creamy Sausage, Rosemary & Garlic Gnocchi",398,588,29.9,24.8,12.7,63.4,3.8,7.5,2.45,147,7.5,6.2,3.2,15.9,0.9,1.9,0.61,1,30,full-prep,no spice,Modern Bistro,,4.28,12442,True
2026-05-26,2026-05-20,bdafb589-f327-46f2-9970-6849c1a6f938,2100,Creamy Spinach & Tomato Chicken With Crispy Potatoes,471,371,34.1,10.8,5.2,36.7,6.8,5.2,0.87,78,7.3,2.3,1.1,7.8,1.4,1.1,0.18,2,35,full-prep,no spice,Modern Bistro,Gluten Free,4.25,68949,True
2026-05-26,2026-05-20,5985e343-9ab9-4caf-8155-004281281e13,5126,Creamy Tomato & Red Pepper Linguine With Pistachio Crumb,447,731,19.1,28.7,3.9,97.1,17.1,9.3,2.01,163,4.3,6.4,0.9,21.7,3.8,2.1,0.45,2,35,full-prep,no spice,Modern Bistro,Vegan; Vegetarian; Dairy Free,4.04,3594,True
2026-05-26,2026-05-20,c777ca56-d175-4f0f-a9bc-11b7a7b78d79,5442,"Crispy Basa With Potatoes, Peas And Lemon Mayo",529,476,31.3,14.8,1.7,56.3,12.3,10.0,0.16,89,5.9,2.8,0.3,10.7,2.3,1.9,0.03,2,30,full-prep,no spice,Air Fryer,Dairy Free,4.37,3142,True
2026-05-26,2026-05-20,7f04a333-05b7-4713-b7fa-92af7046aa6b,8004,Crispy Chicken Tacos With Red Thai Curry Mayo,368,695,40.2,24.6,5.3,77.0,10.2,5.2,1.63,189,10.9,6.7,1.4,21.0,2.8,1.4,0.44,1,30,full-prep,mild,Takeaway Night,Dairy Free,4.27,2286,True
2026-05-26,2026-05-20,38ff39e3-5bf6-468b-9d90-c4522af05d08,8294,Crispy Gnocchi With Creamy Tarragon Sauce & Asparagus,389,518,19.1,18.2,5.8,70.9,7.8,9.2,2.27,133,4.9,4.7,1.5,18.2,2.0,2.4,0.58,2,25,full-prep,no spice,20 minute meals,Vegetarian,4.27,2029,True
2026-05-26,2026-05-20,fe38ee5a-4fb0-4535-bf90-0f4e24984fe9,4157,Crispy Lemon Basa With Chilli Rice,366,504,29.5,4.4,1.1,86.8,12.6,4.5,2.52,137,8.1,1.2,0.3,23.7,3.5,1.2,0.69,1,50,full-prep,mild,Global Kitchen,Dairy Free,4.28,5179,True
2026-05-26,2026-05-20,9d8b644a-056f-488d-9533-055b2b323b28,437,Crispy Pepper Chicken Thigh With Sticky Hoisin Sauce,352,590,31.8,13.8,3.5,84.5,10.4,4.2,1.75,167,9.0,3.9,1.0,24.0,2.9,1.2,0.49,1,45,full-prep,spicy,Takeaway Night,Dairy Free,4.09,32414,True
2026-05-26,2026-05-20,6f6dde80-0e43-4a7c-921f-dc32e064ac8d,9078,Curried Basa With Gunpowder Potatoes & Green Beans And Mint Chutney,422,295,25.5,5.9,1.2,36.6,7.4,7.4,0.46,69,6.0,1.4,0.3,8.7,1.7,1.8,0.11,2,25,full-prep,spicy,20 minute meals,Dairy Free; Gluten Free,4.24,452,True
2026-05-26,2026-05-20,8bbd8b58-725f-4a48-8a1b-799776de1a3c,2329,Curried Basa With Herb Butter Potatoes,422,263,24.9,3.7,1.0,33.2,4.4,5.5,0.51,62,5.9,0.9,0.2,7.9,1.0,1.3,0.12,2,25,full-prep,mild,20 minute meals,Gluten Free; Dairy Free,4.14,2344,True
2026-05-26,2026-05-20,a45128d5-17f9-4db6-bba6-577b3087c47f,1746,Curried Chicken With Rice And Chunky Salad,529,567,39.9,11.3,2.5,76.2,20.9,6.3,1.78,107,7.6,2.1,0.5,14.4,4.0,1.2,0.34,2,45,full-prep,mild,Takeaway Night,Gluten Free,4.25,3801,True
2026-05-26,2026-05-20,ce8829f8-4d4e-4604-bf3a-e85a320f8fe3,8290,Curried Chickpea Shakshuka With Cumin Butter Naan,456,574,27.6,14.1,3.4,79.9,19.7,11.8,2.5,125,6.1,3.1,0.7,17.5,4.3,2.6,0.55,3,30,full-prep,spicy,Veg Boost,Vegetarian,4.29,937,True
2026-05-26,2026-05-20,6766c679-faf7-4aa6-b628-79eff6e17842,4518,Curried Paneer & Spinach Pasta Bake,352,728,36.8,27.8,17.2,87.8,9.3,6.8,2.53,206,10.5,7.9,4.9,25.0,2.7,1.9,0.72,2,45,full-prep,spicy,Global Kitchen,Vegetarian,4.18,1624,True
2026-05-26,2026-05-20,4a036775-5016-45e0-ae3c-a67e1af62108,14775,Double Cheese Pepperoni Pizza With Garlic & Herb Dip,,800,31.1,41.0,,75.1,,,2.73,,,,,,,,,2,30,full-prep,mild,Classic Fakeaways,,0,0,True
2026-05-26,2026-05-20,f3340a0c-04f1-4fda-9485-a2a3a161f748,2195,"Duck Breast W. Hasselback Potatoes, Caramelised Shallot & Fig Jus",454,522,30.5,26.1,6.8,44.2,12.7,8.4,0.96,114,6.7,5.7,1.5,9.7,2.8,1.8,0.21,1,45,full-prep,no spice,Fine Dine In,Dairy Free; Gluten Free,4.39,455,True
2026-05-26,2026-05-20,51958353-e88f-4e7d-ae7e-d89e9a6c23f7,1807,Easy Mushroom Risotto With Crispy Bacon,281,477,20.5,13.8,6.5,65.8,3.7,3.3,2.95,169,7.3,4.9,2.3,23.4,1.3,1.2,1.05,1,35,full-prep,no spice,Modern Bistro,Gluten Free,4.37,48906,True
2026-05-26,2026-05-20,bb2231a1-74bf-4dad-a76c-a48f060213ac,7201,Extra Easy Margherita Pizza With Chilli Oil And Cucumber Salad,354,578,24.5,18.6,8.5,76.0,8.4,6.4,1.54,163,6.9,5.3,2.4,21.5,2.4,1.8,0.43,3,30,full-prep,spicy,Family Kitchen,Vegetarian,4.34,7632,True
2026-05-26,2026-05-20,18ae07a1-381e-4a41-9f08-5157f500a61f,7336,"Fiery Honey, Mozzarella & Veggie ‘Nduja Gnocchi",392,568,23.9,18.2,10.8,76.7,16.8,6.1,2.93,144,6.1,4.7,2.8,19.6,4.3,1.6,0.75,2,10,full-prep,spicy,10-Minute,Vegetarian,4.48,7739,True
2026-05-26,2026-05-20,3e7b5cdc-598b-4725-aa06-51de6e30c0c5,7642,Fragrant Chicken Thigh Massaman With Peanuts & Rice,463,803,36.2,34.7,13.7,85.8,8.2,9.1,2.72,173,7.8,7.5,3.0,18.5,1.8,2.0,0.59,1,10,full-prep,spicy,10-Minute,Dairy Free; Gluten Free,4.2,4228,True
2026-05-26,2026-05-20,f8297281-f321-459a-9bd1-cf77525a9e10,6787,Fresh Tagliatelle With Walnut Pesto & Kale,299,626,24.0,20.8,4.9,84.9,5.6,5.9,1.68,209,8.0,7.0,1.6,28.4,1.9,2.0,0.56,1,10,full-prep,no spice,Pasta Pronto,Vegetarian,3.78,2068,True
2026-05-26,2026-05-20,d249ac08-b873-463f-a2b2-b08c2607b12f,6021,Garlic Bread Hot Dog With Cheesy Rosemary & Truffle Fries,494,773,27.4,38.5,15.4,82.2,14.2,7.0,2.05,156,5.5,7.8,3.1,16.6,2.9,1.4,0.41,2,45,full-prep,no spice,Takeaway Night,,4.47,8406,True
2026-05-26,2026-05-20,0a7641a3-98e3-48bf-b428-0397e8af538f,13116,"Garlic, Chilli & Cream Tortiglioni With Asparagus And Pine Nuts",265,618,21.1,23.3,11.3,84.2,7.9,7.0,1.57,232,8.0,8.8,4.3,31.7,3.0,2.6,0.59,1,25,full-prep,spicy,20 minute meals,Vegetarian,4.49,1648,True
2026-05-26,2026-05-20,4743e635-1d78-44e1-a397-87ec381722b4,4687,Golden Chicken With Balsamic Tomato Sauce And Basil Mash,436,357,33.6,4.2,1.1,48.2,7.4,6.4,0.73,81,7.7,1.0,0.3,11.1,1.7,1.5,0.17,2,40,full-prep,no spice,Modern Bistro,Dairy Free; Gluten Free,4.21,9845,True
2026-05-26,2026-05-20,981d3cbc-1584-4c70-bb5b-60fbdb11f4aa,5059,Grilled Miso Chicken Thigh With Edamame Salad,402,640,35.4,24.4,4.8,64.7,4.7,6.8,2.28,159,8.8,6.1,1.2,16.1,1.2,1.7,0.57,2,25,full-prep,mild,20 minute meals,Dairy Free,4.1,2012,True
2026-05-26,2026-05-20,5e6e613c-203e-4f96-a398-dd6d47ec208f,5088,Halloumi Doner With Sweet Chilli Sauce And Smoky Fries,476,626,30.2,24.1,15.9,74.4,17.8,8.6,2.42,131,6.3,5.1,3.3,15.6,3.7,1.8,0.51,2,35,full-prep,spicy,Takeaway Night,Vegetarian,4.45,10702,True
2026-05-26,2026-05-20,377ca98f-7deb-418d-bda3-3f4ed7846bf6,1084,Herby Chicken Salad With Tomato Dressing & Cheesy Croutons,360,432,40.4,9.6,4.5,44.8,6.4,4.3,0.95,120,11.2,2.7,1.3,12.5,1.8,1.2,0.26,2,35,full-prep,no spice,Modern Bistro,,4.2,1906,True
2026-05-26,2026-05-20,cd065908-2047-42d2-8f44-03ed3a363318,15252,Herby Pork Gnocchi Bolognese,,581,41.9,18.1,,64.3,,,2.2,,,,,,,,,1,10,full-prep,mild,10-Minute,,4.49,622,True
2026-05-26,2026-05-20,0f7ece86-be15-4e77-aed7-e68fb454d0d9,15862,Higgidy Smoked Bacon & Cheddar Quiche With Herby Butter Potatoes,,544,19.9,24.3,,64.5,,,1.51,,,,,,,,,1,25,full-prep,no spice,Semi-Prepped,,0,0,True
2026-05-26,2026-05-20,def73fca-1ceb-4f96-b751-4f43e940aeba,15858,Higgidy Smoked Salmon Quiche With Asparagus & Warm Potato Salad,,639,20.3,35.1,,63.6,,,1.33,,,,,,,,,1,25,full-prep,no spice,Semi-Prepped,,0,0,True
2026-05-26,2026-05-20,13935701-6a0c-422b-b6d8-b8671dcb782b,15866,Higgidy Spinach & Greek Feta Quiche With Paprika Wedges,,482,15.6,19.1,,66.2,,,1.52,,,,,,,,,1,30,full-prep,mild,Semi-Prepped,Vegetarian,0,0,True
2026-05-26,2026-05-20,2d132cd3-9643-4697-81ae-12538cb8c4ae,13644,Homemade Cod Fingers With Sweet Potato Chips & Minted Veg,464,398,27.8,2.0,0.5,71.0,19.9,9.9,0.69,85,6.0,0.4,0.1,15.3,4.3,2.1,0.15,3,40,full-prep,no spice,Modern Bistro,Dairy Free; Gluten Free,3.98,53,True
2026-05-26,2026-05-20,faea07f3-f065-40af-a947-acf665e3baf9,12843,Honey & Ginger Buffalo Chicken With Brown Rice And Edamame Slaw,388,697,38.8,24.7,3.1,74.3,17.9,9.3,0.82,179,10.0,6.4,0.8,19.1,4.6,2.4,0.21,2,30,full-prep,spicy,Protein Hit,Dairy Free; Gluten Free,0,0,True
2026-05-26,2026-05-20,b13beb55-5a1f-4040-b969-dc13860bf8da,8217,"Honey, Garlic & Lemon Salmon Tray Bake With Tenderstem",,454,28.6,19.6,,43.1,,,0.33,,,,,,,,,1,40,full-prep,no spice,Fine Dine In,Dairy Free; Gluten Free,4.43,1641,True
2026-05-26,2026-05-20,42f1593c-6a92-4f56-871a-977132ba1751,14234,Indian-Spiced Pea & Corn Fritters With Fried Sesame Egg,430,390,20.2,13.3,2.7,49.6,23.3,8.6,0.56,90,4.7,3.1,0.6,11.5,5.4,2.0,0.13,3,10,full-prep,mild,Nutrient Rich,Vegetarian; Dairy Free; Gluten Free,3.6,168,True
2026-05-26,2026-05-20,6e316a51-6db9-4e5a-8e23-779d935f1199,4205,Indian-Style Basa 'N' Chips With Curry Sauce And Peas,465,446,28.6,12.4,8.9,56.7,13.7,11.9,1.73,95,6.2,2.7,1.9,12.2,3.0,2.6,0.37,2,35,full-prep,mild,Global Kitchen,Gluten Free; Dairy Free,4.35,8271,True
2026-05-26,2026-05-20,26fc25cb-f330-4c22-b112-0cc9480f500a,5571,Indian-Style Spiced Chicken Schnitzel With Spicy Potatoes,453,615,35.4,30.2,3.2,51.9,9.1,6.6,0.93,135,7.8,6.7,0.7,11.4,2.0,1.5,0.2,1,40,full-prep,spicy,Global Kitchen,Dairy Free,4.49,11692,True
2026-05-26,2026-05-20,7774c0ca-2e2c-4166-8a04-7bc928eae6b7,13540,Irish-Style Pork & Stout Stew With Colcannon Mash,466,421,33.0,13.8,4.7,44.1,11.1,8.9,1.55,90,7.1,3.0,1.0,9.5,2.4,1.9,0.33,1,60,full-prep,no spice,Moments,Dairy Free,4.35,585,True
2026-05-26,2026-05-20,3315b2f9-34f8-497b-bca3-e3272d9e719c,7658,Irish-Style Spice Bag Meat-Free Chick'n Burger With Chips,439,504,26.4,6.3,0.8,82.6,10.7,14.6,2.77,114,6.0,1.4,0.2,18.8,2.4,3.3,0.63,1,45,full-prep,mild,Takeaway Night,Vegan; Vegetarian; Dairy Free,4.19,1274,True
2026-05-26,2026-05-20,476ee6e2-6c6c-4ac1-9463-5576b40931a7,12637,Korean-Style Chicken Breast Noodle Stir-Fry,298,465,38.0,6.5,1.6,64.8,10.4,3.4,2.66,156,12.8,2.2,0.5,21.8,3.5,1.1,0.89,1,10,full-prep,spicy,10-Minute,Dairy Free,4.02,1090,True
2026-05-26,2026-05-20,f54d2571-3049-4a8f-90b1-843e8955a48c,6316,Lemon-Crusted Cod With Pea Risotto And Crispy Prosciutto,387,570,42.5,9.2,4.0,79.3,7.0,6.6,2.74,147,11.0,2.4,1.0,20.5,1.8,1.7,0.71,1,50,full-prep,no spice,Fine Dine In,,4.46,4916,True
2026-05-26,2026-05-20,cbb15c37-511e-4bdf-8342-0071c94c5edc,2035,Lemony Chicken Milanese With Wholewheat Spaghetti And Tomato Sauce,596,612,46.8,6.6,1.7,88.9,14.8,9.4,0.78,102,7.9,1.1,0.3,14.9,2.5,1.6,0.13,4,40,full-prep,no spice,Modern Bistro,Dairy Free,4.12,20799,True
2026-05-26,2026-05-20,71b08c50-c39c-40ff-b601-ebc451e78040,13445,Marry Me Chicken Mince Meatballs With Mash,,398,33.4,11.5,,42.6,,,1.57,,,,,,,,,2,25,full-prep,no spice,Protein Hit,,0,0,True
2026-05-26,2026-05-20,8bae75df-7758-4d37-880f-aad230b9315c,14367,Meat-Free Cheeseburger With Fries,,736,31.7,34.7,,78.4,,,2.94,,,,,,,,,1,35,full-prep,no spice,Classic Fakeaways,Vegetarian,4.38,118,True
2026-05-26,2026-05-20,4350953f-d185-4c94-b422-4cac071ec278,4127,Meat-Free Sausages With Sage & Onion Gravy,463,551,30.0,21.8,1.7,59.3,11.4,15.6,2.49,118,6.5,4.7,0.4,12.8,2.5,3.4,0.54,1,35,full-prep,no spice,Modern Bistro,Vegan; Vegetarian; Dairy Free; Gluten Free,4.13,1572,True
2026-05-26,2026-05-20,a5d18e46-399f-4e69-ad59-cabecd0af90f,15801,Mediterranean-Style Chicken Pasta,394,492,29.9,16.5,3.1,52.3,9.4,7.1,2.6,125,7.6,4.2,0.8,13.3,2.4,1.8,0.66,2,7,heat-only,no spice,Heat & Eat,,0,0,True
2026-05-26,2026-05-20,c2629d7d-0ca1-47af-8b77-80d54fefec0e,2310,Mediterranean-Style Vegetable Gnocchi With Basil,511,450,19.4,12.5,5.7,66.4,8.5,5.2,2.21,88,3.8,2.4,1.1,13.0,1.7,1.0,0.43,4,10,full-prep,no spice,10-Minute,Vegetarian,4.16,23885,True
2026-05-26,2026-05-20,0c94d55b-ff84-4b66-ac15-05e8dbb45032,4422,Mediterranean-Style Vegetable Gnocchi With Basil & Vegan Cheese,511,425,14.6,9.3,4.3,71.4,8.6,5.9,2.18,83,2.9,1.8,0.8,14.0,1.7,1.2,0.43,4,10,full-prep,no spice,10-Minute,Vegan; Vegetarian; Dairy Free,4.02,2028,True
2026-05-26,2026-05-20,18f45206-2c3e-4c37-aef5-5895112a45a0,2612,Mushroom Wellington With Onion Gravy And Mash,450,574,13.5,28.6,9.7,67.2,8.6,8.0,1.63,127,3.0,6.3,2.1,14.9,1.9,1.8,0.36,2,55,full-prep,no spice,Modern Bistro,Vegan; Vegetarian; Dairy Free,4.12,14952,True
2026-05-26,2026-05-20,a7bf0519-b4ff-4b39-9ce2-9f64149945a5,7527,One Pan Basil Pork Meatballs With Creamy Pesto Orzo,357,720,43.0,35.1,12.6,57.4,5.2,4.0,2.34,201,12.0,9.8,3.5,16.1,1.5,1.1,0.66,1,35,full-prep,no spice,One Pan Wonders,,4.18,3327,True
2026-05-26,2026-05-20,6c800aaa-b1c1-4b5d-8a02-511a5e1f69e6,1476,One Pan Cheesy Chorizo & Pea Risotto,316,620,26.6,22.0,7.9,77.7,10.3,7.8,2.98,196,8.4,7.0,2.5,24.6,3.2,2.5,0.94,2,45,full-prep,no spice,Modern Bistro,Gluten Free,4.24,41576,True
2026-05-26,2026-05-20,ea35cfeb-7bb3-4f04-889d-8b0927c89879,7182,One Pan Pork & Beef Taco Spiced Pasta,436,896,43.5,41.7,19.2,85.8,12.0,7.7,1.84,205,10.0,9.5,4.4,19.7,2.8,1.8,0.42,2,35,full-prep,mild,One Pan Wonders,,4.35,9848,True
2026-05-26,2026-05-20,5687a89d-844c-4744-8dc4-bfdf58aec570,6313,One Pot BBQ Pork With Smoky Potatoes And Slaw,446,729,33.5,46.0,13.0,47.2,15.8,7.7,0.69,163,7.5,10.3,2.9,10.6,3.5,1.7,0.15,2,45,full-prep,no spice,Prepped in 5,Dairy Free,4.07,29589,True
2026-05-26,2026-05-20,c9ce5fbe-7aee-4586-8342-a9f648d3a8e0,4531,"One Pot Caribbean-Style Spiced Chicken Thigh, 'Rice & Peas'",464,752,39.4,33.4,14.5,72.5,4.7,8.8,1.55,161,8.5,7.2,3.1,15.6,1.0,1.9,0.33,2,40,full-prep,spicy,Prepped in 5,Gluten Free; Dairy Free,3.98,8384,True
2026-05-26,2026-05-20,1497d295-86e1-4b73-a40c-4b048d5874e5,3263,One Pot Chicken Rogan Josh With Yoghurt,469,495,40.8,9.0,2.4,62.1,12.8,6.3,2.52,105,8.7,1.9,0.5,13.2,2.7,1.3,0.54,2,40,full-prep,spicy,Prepped in 5,,4.37,45208,True
2026-05-26,2026-05-20,99032948-5c29-4cce-9343-332590867ee3,5728,One Pot Chilli & Miso Pork Udon Noodles,452,562,34.4,17.3,6.4,66.7,7.0,2.4,2.96,124,7.6,3.8,1.4,14.8,1.5,0.5,0.65,1,40,full-prep,spicy,Prepped in 5,Dairy Free,4.45,10902,True
2026-05-26,2026-05-20,fc7936e3-211a-4f95-9f4c-92889ed574fa,6303,One Pot Creamy Sweet Potato Laksa Udon,496,684,16.3,25.1,17.4,97.4,19.0,11.6,4.15,137,3.3,5.1,3.5,19.6,3.8,2.3,0.84,2,40,full-prep,mild,Prepped in 5,Vegan; Vegetarian; Dairy Free,4.26,1698,True
2026-05-26,2026-05-20,e9f474f3-199d-4ddb-b348-2e0de6db9e87,507,One Pot Easy Chicken Biryani,380,509,39.2,6.5,1.9,69.8,19.7,6.3,1.8,133,10.3,1.7,0.5,18.4,5.2,1.6,0.47,2,30,full-prep,mild,One Pan Wonders,Gluten Free,4.26,63474,True
2026-05-26,2026-05-20,b4fb2473-e8be-45c6-9478-d64dfe301726,6044,One Pot Plant-Based Tortiglioni Puttanesca,339,447,15.9,5.6,0.9,88.0,11.3,7.7,2.08,131,4.7,1.6,0.3,26.0,3.3,2.3,0.61,3,30,full-prep,mild,Modern Bistro,Vegan; Vegetarian; Dairy Free,4.17,5335,True
2026-05-26,2026-05-20,7ec12f9e-8ff6-47ab-9936-0f9c26b28c35,7657,One Pot Prosciutto & Leek Mac 'N' Cheese,303,521,28.7,18.4,10.0,64.0,5.7,6.0,2.34,172,9.5,6.1,3.3,21.1,1.9,2.0,0.77,2,45,full-prep,no spice,Calorie Controlled,,4.05,4579,True
2026-05-26,2026-05-20,86f2543b-8298-4ca0-aa2e-b139039d43ac,5235,"One Pot Salmon, Pea & Spinach Pilaf With Lemon Yoghurt",378,469,26.2,10.3,2.1,66.6,12.4,7.8,2.31,124,6.9,2.7,0.5,17.6,3.3,2.1,0.61,2,40,full-prep,no spice,Modern Bistro,Gluten Free,3.96,9564,True
2026-05-26,2026-05-20,49174c22-17c4-44f5-8399-663b83f3ddb8,6215,One Pot Spicy Sausage Jambalaya With Smoky Ketchup,484,535,24.3,15.8,5.5,73.3,17.2,11.5,2.94,110,5.0,3.3,1.1,15.2,3.6,2.4,0.61,4,40,full-prep,spicy,Prepped in 5,Gluten Free; Dairy Free,4.15,10209,True
2026-05-26,2026-05-20,aaa019a3-ac3d-4f31-b03d-b0a65fff0614,7396,One Pot Sun-Dried Tomato Pesto Orzo With Mozzarella,350,720,27.0,39.0,15.6,63.9,12.1,6.1,2.67,205,7.7,11.1,4.4,18.2,3.5,1.7,0.76,1,25,full-prep,no spice,One Pan Wonders,Vegetarian,4.28,3064,True
2026-05-26,2026-05-20,cf41468a-1f21-4eae-8950-8e5ff511a7ea,14050,One Tray Spring Sausage Tray Bake With Potatoes & Marmite Gravy,493,511,20.1,23.2,8.1,59.1,16.7,11.3,2.46,103,4.1,4.7,1.6,12.0,3.4,2.3,0.5,2,45,full-prep,no spice,One Pan Wonders,Dairy Free,4.22,1006,True
2026-05-26,2026-05-20,ec56d53a-15e0-4e7f-90d5-e340172f6379,7823,Orange Chicken Thigh Stir-Fry With Pickled Red Chilli,433,607,32.4,13.9,3.6,89.0,19.6,4.8,2.57,140,7.5,3.2,0.8,20.5,4.5,1.1,0.59,2,40,full-prep,spicy,Family Kitchen,Dairy Free,4.1,1830,True
2026-05-26,2026-05-20,bbea35ea-0e94-4bde-abaa-c99a2ec79fb3,3188,Oven Baked Creamy Chorizo & Leek Pasta With Salad,338,680,26.6,35.1,16.4,65.7,8.4,5.6,3.06,201,7.9,10.4,4.9,19.4,2.5,1.6,0.91,1,35,full-prep,no spice,Prepped in 5,,4.23,54504,True
2026-05-26,2026-05-20,46d6b685-565b-4a0f-8160-91752b20f9bb,4109,"Oven Baked Greek Cheese, Tomato & Chicken Farfalle",441,698,49.6,19.2,8.8,86.1,10.7,7.3,2.81,158,11.3,4.4,2.0,19.5,2.4,1.6,0.64,2,40,full-prep,no spice,Prepped in 5,,4.09,8060,True
2026-05-26,2026-05-20,e04f5af6-10fb-4b74-be64-2b68457a7c0a,13182,Oven Baked Italian-Style Pork Stew With Buttery Potatoes,529,445,32.1,16.2,5.1,45.6,14.1,9.3,1.72,84,6.1,3.1,1.0,8.6,2.7,1.8,0.33,2,70,full-prep,spicy,Prepped in 5,Dairy Free; Gluten Free,4.43,1374,True
2026-05-26,2026-05-20,153ec059-6501-4aea-aba1-fdfcb4556c42,3195,Oven Baked Three Bean Chilli With Jacket Potatoes,631,483,24.8,2.6,0.5,82.6,10.3,28.6,1.94,76,3.9,0.4,0.1,13.1,1.6,4.5,0.31,2,55,full-prep,spicy,Prepped in 5,Vegan; Vegetarian; Dairy Free; Gluten Free,4.28,39007,True
2026-05-26,2026-05-20,36fc579b-0765-4575-ba1f-419f609b06f2,3866,Pan Fried Salmon With Creamy Sun-Dried Tomato & Balsamic Gnocchi,466,735,38.8,33.6,10.7,70.7,7.8,8.0,2.5,157,8.3,7.2,2.3,15.2,1.7,1.7,0.54,2,10,full-prep,no spice,Fine Dine In,,4.27,3589,True
2026-05-26,2026-05-20,d66d2b42-4936-434c-91e9-09309c4a93e6,6066,Pan-Fried Basa With Mediterranean-Style Rice,304,416,25.2,5.7,1.2,65.0,6.7,3.6,2.06,136,8.3,1.9,0.4,21.4,2.2,1.2,0.68,1,25,full-prep,no spice,20 minute meals,Dairy Free; Gluten Free,4.16,2870,True
2026-05-26,2026-05-20,18671559-1c41-45a7-99bc-56eb672f03eb,7825,Paneer Butter Masala With Rice,350,586,27.7,21.9,13.0,66.7,15.4,5.6,3.07,167,7.9,6.3,3.7,19.0,4.4,1.6,0.88,2,25,full-prep,mild,Global Kitchen,Gluten Free; Vegetarian,4.28,3867,True
2026-05-26,2026-05-20,e4b03002-495f-490f-854f-dadc7a78e1fb,14446,Paneer Tikka Masala With Cardamom Rice,,686,27.9,34.3,,63.7,,,2.4,,,,,,,,,1,30,full-prep,mild,Classic Fakeaways,Vegetarian; Gluten Free,4.49,776,True
2026-05-26,2026-05-20,5d118cf2-396c-4b64-8c6a-ff0c96001f48,16489,Pepper & Tomato Sauce W. Tomato Tortelloni & A Chicken Breast,,611,49.9,19.6,,59.7,,,2.29,,,,,,,,,3,10,full-prep,no spice,Pasta Pronto,,0,0,True
2026-05-26,2026-05-20,a853aaaa-4163-4596-a624-b9c6a2b804ca,10203,Peppercorn Steak Kebabs With Béarnaise-Style Dip & Sweet Potato Chips,,705,36.4,38.9,,54.3,,,2.13,,,,,,,,,3,40,full-prep,mild,Gastropub,,0,0,True
2026-05-26,2026-05-20,c9739c40-829a-47b6-a3dc-927701c554c2,4950,Pepperoni & Kale Sauce With Tomato & Mozzarella Tortelloni,320,508,24.7,21.7,8.6,54.3,10.0,5.8,2.58,158,7.7,6.8,2.7,17.0,3.1,1.8,0.81,2,10,full-prep,no spice,Pasta Pronto,,3.99,2432,True
2026-05-26,2026-05-20,41fa5e54-0003-4259-af9b-4ab1ed72c15b,7301,Pepperoni Pizza With Hot Honey,396,693,27.0,24.7,11.2,88.7,19.6,7.7,2.13,174,6.8,6.2,2.8,22.4,5.0,1.9,0.54,3,35,full-prep,spicy,Family Kitchen,,4.47,9503,True
2026-05-26,2026-05-20,233a0f64-0bfd-4652-a2cf-99a257d246b1,1651,Peri Peri Chicken & Pepper Rice,410,488,34.8,9.5,1.7,66.0,7.1,4.8,1.6,118,8.5,2.3,0.4,16.1,1.7,1.2,0.39,1,10,full-prep,spicy,10-Minute,Dairy Free; Gluten Free,4.08,21051,True
2026-05-26,2026-05-20,6a83e348-b31d-4ee4-9127-ef4e9b3d0134,1019,Peri Peri Chicken With Spicy Rice And Lemony Salad,438,567,35.3,16.8,2.2,67.9,10.9,4.3,1.52,129,8.1,3.8,0.5,15.5,2.5,1.0,0.35,3,50,full-prep,spicy,Takeaway Night,Gluten Free; Dairy Free,4.24,41945,True
2026-05-26,2026-05-20,0214f33f-8f1e-4f19-aff7-3e328dce83f6,7238,Peri Peri Spiced Basa Fish Cakes With Chips And Spicy Peas,495,675,31.8,27.5,2.7,78.3,13.8,11.0,1.03,136,6.4,5.6,0.5,15.8,2.8,2.2,0.21,2,40,full-prep,spicy,Modern Bistro,Dairy Free,4.17,1687,True
2026-05-26,2026-05-20,2aec4aec-ee40-4623-82fa-f21f349dc358,13567,Philly-Style Cheesesteak Sandwich With Mustard Potato Salad,,752,45.4,38.6,,57.6,,,1.86,,,,,,,,,1,35,full-prep,no spice,Gastropub,,0,0,True
2026-05-26,2026-05-20,909a0a76-4ca7-4304-9009-dffb25cab362,15742,Pork & Basil Meatballs With Tomato Sauce & Mash,,476,35.2,15.8,,51.2,,,1.46,,,,,,,,,3,35,full-prep,no spice,Everyday Favourites,Gluten Free,0,0,True
2026-05-26,2026-05-20,a68f284a-324b-434d-b6d1-d51795c50a02,14537,Pork & Beef Cheeseburger With Sweet Potato Fries,,804,35.6,48.7,,55.6,,,1.97,,,,,,,,,2,35,full-prep,no spice,Classic Fakeaways,,0,0,True
2026-05-26,2026-05-20,932491b8-0965-48fa-b7b6-1489ce2b2e52,867,Pork & Beef Polpette With Tomato & Basil Broth,400,564,34.2,30.2,12.3,40.9,9.9,4.4,1.43,141,8.6,7.5,3.1,10.2,2.5,1.1,0.36,2,50,full-prep,no spice,Modern Bistro,,4.22,4221,True
2026-05-26,2026-05-20,ec7e79e8-369a-487a-bb1c-086b3778152d,1300,Pork Steak With Garlic Mash And Mustard Sauce,466,630,35.2,34.2,12.2,47.9,7.5,7.3,1.22,135,7.6,7.3,2.6,10.3,1.6,1.6,0.26,1,40,full-prep,mild,Modern Bistro,Gluten Free; Dairy Free,4.25,22434,True
2026-05-26,2026-05-20,a72d3270-8dc8-4320-8fa5-0768fc1c3cc1,5140,Pulled Pork Enchiladas With Salad & Salsa Fresca,520,859,49.2,43.7,14.8,66.7,11.2,5.9,2.33,165,9.5,8.4,2.8,12.8,2.1,1.1,0.45,3,35,full-prep,mild,Ultimate Fakeaway,,4.45,3046,True
2026-05-26,2026-05-20,798e9279-4f23-4c80-926c-e19dcb8fb723,7003,Puttanesca-Style Sauce With Fresh Orecchiette,269,422,14.1,4.8,0.8,79.3,6.3,4.3,2.04,156,5.2,1.8,0.3,29.5,2.3,1.6,0.76,1,10,full-prep,no spice,Pasta Pronto,Vegan; Vegetarian; Dairy Free,4.25,5463,True
2026-05-26,2026-05-20,af8fe5ce-6fb6-4c76-98bd-5df655b64d18,5412,Roast Chicken Dinner With Yorkshire Puddings And Roasties,454,368,35.8,7.0,1.8,43.0,10.7,8.5,1.52,81,7.9,1.5,0.4,9.5,2.4,1.9,0.33,1,60,full-prep,no spice,Modern Bistro,Dairy Free; Gluten Free,4.34,8810,True
2026-05-26,2026-05-20,14c759f6-f6aa-4db7-b6ea-7b728d6df67c,13586,Roast Duck Breast And Honey & Soy Sauce With Pak Choi,,658,31.1,25.3,,78.1,,,3.04,,,,,,,,,1,30,full-prep,mild,Ultimate Fakeaway,Dairy Free,0,0,True
2026-05-26,2026-05-20,65853120-951e-4a8e-b3d9-0d446ce74fe7,5727,Rump Steak With Crispy Cheesy Potatoes And Red Wine Jus,401,464,39.7,18.7,8.6,36.4,4.4,5.9,1.32,115,9.9,4.7,2.1,9.1,1.1,1.5,0.33,1,65,full-prep,no spice,Fine Dine In,Gluten Free,4.42,4005,True
2026-05-26,2026-05-20,ea32fe7e-1070-4129-b424-781d50e62bc9,6971,Rump Steak With Rosemary Butter And Twice Cooked Chips,498,536,38.9,20.0,8.4,52.8,10.0,7.7,0.85,107,7.8,4.0,1.7,10.6,2.0,1.6,0.17,1,45,full-prep,no spice,Fine Dine In,Dairy Free,4.3,1887,True
2026-05-26,2026-05-20,8973d1f8-3c68-488d-b0db-6705db54b4d4,8197,Salmon With Spicy Sesame Noodles,,599,35.6,25.6,,57.3,,,1.86,,,,,,,,,2,10,full-prep,spicy,Ultimate Fakeaway,Dairy Free,4.35,193,True
2026-05-26,2026-05-20,d59c3098-83a9-48c3-b25a-8fba6f05ca5e,4652,Saucy Gochujang Chicken Thigh Udon,453,592,33.1,19.2,4.2,71.9,9.5,1.5,3.12,130,7.3,4.2,0.9,15.9,2.1,0.3,0.69,1,10,full-prep,spicy,10-Minute,Dairy Free,4.28,14145,True
2026-05-26,2026-05-20,03456292-eb37-4847-9d34-bb4860455a7e,4746,Saucy King Prawn & Wholewheat Noodle Stir-Fry,277,401,28.0,6.7,1.2,54.5,11.4,8.7,2.56,144,10.1,2.4,0.4,19.7,4.1,3.2,0.93,2,10,full-prep,spicy,10-Minute,Dairy Free,4,1405,True
2026-05-26,2026-05-20,ed375e2f-3aff-470e-bf61-601b1cbd97fa,15687,Sausage & Red Onion Tomato Chutney Baguette With Chips & Salad,,637,25.8,27.3,,73.2,,,1.79,,,,,,,,,3,35,full-prep,no spice,Everyday Favourites,Dairy Free,0,0,True
2026-05-26,2026-05-20,853f362c-7675-430d-aa16-dd11880134f7,2917,Sausage Curry With Coriander Rice And Naan,480,723,30.3,30.8,9.5,81.1,13.4,7.2,2.86,150,6.3,6.4,2.0,16.9,2.8,1.5,0.6,4,40,full-prep,spicy,Global Kitchen,Dairy Free,4.16,1471,True
2026-05-26,2026-05-20,b7c73682-c86f-4c0d-ae9f-5e55c45f1fd4,6034,Sausage Meatball & Tomato Sauce With Fresh Orecchiette,241,600,28.8,18.6,8.6,79.4,4.5,6.1,2.21,248,11.9,7.7,3.6,32.9,1.9,2.5,0.92,1,10,full-prep,no spice,Pasta Pronto,,4.23,23342,True
2026-05-26,2026-05-20,05f2da7b-a15a-4d47-bd04-5c8c8fa314a8,6272,"Sausage, Pepper & Potato Hash With Herby Chilli Dressing",484,553,25.0,28.7,9.3,51.0,14.7,10.6,1.75,114,5.2,5.9,1.9,10.5,3.0,2.2,0.36,2,35,full-prep,mild,Family Kitchen,Dairy Free; Gluten Free,4.18,10843,True
2026-05-26,2026-05-20,8cc2125c-6e6d-413e-9eac-cce6e02a521f,11777,Sesame Hoisin Chicken With Wedges And Slaw,408,352,32.7,5.2,1.2,45.7,13.6,6.2,1.74,86,8.0,1.3,0.3,11.2,3.3,1.5,0.42,1,35,full-prep,no spice,Takeaway Night,Dairy Free,4.26,2164,True
2026-05-26,2026-05-20,258fb353-168b-465d-ae68-c09d850b895f,13252,Sesame Orange King Prawn Stir-Fry With Brown Rice,,449,19.9,2.3,,86.5,,,2.9,,,,,,,,,2,30,full-prep,no spice,Global Kitchen,Dairy Free; Gluten Free,0,0,True
2026-05-26,2026-05-20,e0d6c2c3-6009-458b-9608-dab9a6b46798,2873,Sesame Pork & Egg Fried Rice,466,708,38.9,27.1,6.7,78.0,14.9,8.4,2.67,151,8.3,5.8,1.4,16.7,3.2,1.8,0.57,1,10,full-prep,mild,10-Minute,Dairy Free,4.39,24329,True
2026-05-26,2026-05-20,bfbf4fd7-e2cc-4e0e-a4ea-a5bd3d0bac78,6115,Sicilian-Style Lamb Meatballs With Cheesy Potatoes,480,563,34.9,25.0,11.4,51.8,19.8,6.8,1.36,117,7.3,5.2,2.4,10.8,4.1,1.4,0.28,2,50,full-prep,no spice,Modern Bistro,Gluten Free,4.45,5516,True
2026-05-26,2026-05-20,9cdffd09-8467-463e-8902-7b3c56cf7244,5974,Simply Delicious Chicken Stir-Fry,,623,42.7,16.4,,72.4,,,3.13,,,,,,,,,2,30,full-prep,no spice,Takeaway Night,Dairy Free,4.27,3423,True
2026-05-26,2026-05-20,d6d89d5b-300f-4f5e-a2fb-8d38b00f248c,2173,Singapore-Style Paneer Noodles,360,658,31.5,31.8,14.4,61.9,7.4,3.2,3.6,182,8.7,8.8,4.0,17.2,2.1,0.9,1.0,1,10,full-prep,no spice,10-Minute,Vegetarian,4.1,5574,True
2026-05-26,2026-05-20,fe854300-1b4e-4fe5-8793-c7e72ef9ae25,13595,Slow Cooker Creamy Chicken Thigh Stew With Mash And Greens,531,523,35.8,18.8,7.3,54.7,10.5,10.1,2.0,98,6.7,3.5,1.4,10.3,2.0,1.9,0.38,2,210,full-prep,no spice,Slow Cooker,,4.16,565,True
2026-05-26,2026-05-20,15b8a2a8-bf50-43f8-8806-dd160d4da1a5,5457,Slow Cooker Three Bean Chilli With Potatoes,574,417,20.3,2.0,0.4,75.3,9.8,21.6,1.77,72,3.5,0.4,0.1,13.1,1.7,3.8,0.31,2,190,full-prep,mild,Slow Cooker,Vegan; Vegetarian; Dairy Free; Gluten Free,4.15,1465,True
2026-05-26,2026-05-20,1f319bcf-8ec9-4b11-9ad1-40de155d87a6,13052,Smoked Basa & Spinach Pilau Brown Rice,,357,23.3,7.4,,46.8,,,2.21,,,,,,,,,1,10,full-prep,mild,10-Minute,Dairy Free; Gluten Free,4.46,146,True
2026-05-26,2026-05-20,f7abd55f-d963-46c8-b9ab-462ce87739fb,5776,Smoked Basa With Creamy Cannellini Beans & Ciabatta,336,370,30.1,10.2,5.3,35.5,3.7,10.5,2.68,110,9.0,3.0,1.6,10.6,1.1,3.1,0.8,1,10,full-prep,no spice,10-Minute,,4.21,7166,True
2026-05-26,2026-05-20,4cfdc393-91c2-4207-a1b9-6415e7d01e20,3046,Smoked Basa With Creamy Lemon Sauce And Pea Mash,421,347,27.0,9.4,5.2,41.3,8.0,7.9,1.45,82,6.4,2.2,1.2,9.8,1.9,1.9,0.34,1,25,full-prep,no spice,20 minute meals,Gluten Free,4.23,12670,True
2026-05-26,2026-05-20,fe8dbc94-c9b5-4180-a458-bce2ca76ae43,4861,Smoky Chicken & Pepper Pasta Bake,381,739,46.4,24.2,13.7,83.2,9.2,6.0,1.14,193,12.2,6.4,3.6,21.8,2.4,1.6,0.3,1,35,full-prep,spicy,Modern Bistro,,4.28,7033,True
2026-05-26,2026-05-20,66c03a5f-0203-4c36-a402-5dc9fd80e4fb,4302,Smoky Chipotle Fishcakes With Chilli Corn And Zingy Lime Mayo,555,499,27.1,16.6,2.3,63.0,15.0,8.0,1.55,89,4.9,3.0,0.4,11.3,2.7,1.4,0.28,2,50,full-prep,spicy,Global Kitchen,Dairy Free,4.29,19212,True
2026-05-26,2026-05-20,9ee1e12a-f383-462d-904b-426a86bb95aa,13113,Smoky Mushrooms With Brothy Miso Butter Rice,358,405,11.4,12.0,2.8,60.9,6.9,4.6,2.5,113,3.2,3.4,0.8,17.0,1.9,1.3,0.7,2,25,full-prep,no spice,20 minute meals,Vegan; Vegetarian; Dairy Free,4.45,846,True
2026-05-26,2026-05-20,b7790405-55f5-4ee5-ac1c-91dedd7869b3,3009,Smoky Roasted Veg & Fragrant Rice With Coriander Garlic Drizzle,405,435,10.9,6.3,3.6,83.6,14.8,6.5,1.44,107,2.7,1.6,0.9,20.6,3.6,1.6,0.35,4,35,full-prep,no spice,Modern Bistro,Vegan; Vegetarian; Dairy Free; Gluten Free,3.9,4112,True
2026-05-26,2026-05-20,604560d5-f52a-439f-9a0e-fb7877e7641e,5790,Spice Bag Chicken Thigh Loaded Fries With Curry Sauce,456,443,29.3,13.3,3.4,53.9,7.8,7.0,1.69,97,6.4,2.9,0.8,11.8,1.7,1.5,0.37,2,40,full-prep,spicy,Takeaway Night,Dairy Free; Gluten Free,4.38,7105,True
2026-05-26,2026-05-20,9b423891-f4bf-4f68-83fd-a9b9d449c7b3,8978,Spiced Chicken Thigh & Chimichurri-Style Salad With Ready-To-Heat Rice,512,564,33.7,18.3,4.4,66.5,7.3,5.1,0.34,110,6.6,3.6,0.8,13.0,1.4,1.0,0.07,2,25,full-prep,mild,20 minute meals,Gluten Free,4.18,44,True
2026-05-26,2026-05-20,1f479fd0-2695-4bae-9e2d-d7a73a8b0126,6743,Spicy Arrabbiata Sauce With Fresh Tagliatelle,295,446,18.5,5.1,2.5,81.4,8.1,6.0,1.51,151,6.3,1.7,0.8,27.6,2.8,2.0,0.51,2,10,full-prep,spicy,Pasta Pronto,Vegetarian,4.24,11118,True
2026-05-26,2026-05-20,26690bec-4424-4f5f-90f2-31e51dbf1125,16495,Spicy Arrabbiata W. Tomato & Mozzarella Tortelloni & A Chicken Breast,,580,48.9,18.4,,55.5,,,2.25,,,,,,,,,2,10,full-prep,spicy,Pasta Pronto,,0,0,True
2026-05-26,2026-05-20,faea58c9-2e88-484e-8977-94a5dc6d60ea,4847,Spicy Cajun-Style Pork With Rice And Spiced Gravy,369,667,33.8,34.3,12.4,57.6,8.2,6.6,0.8,180,9.2,9.3,3.3,15.6,2.2,1.8,0.22,2,30,full-prep,spicy,Global Kitchen,Gluten Free; Dairy Free,4,5313,True
2026-05-26,2026-05-20,16e0e150-65ef-4ceb-9c5a-0c46186b8a32,379,"Spicy Chorizo, Harissa & Cannellini Bean Stew With Mash",451,501,20.1,20.7,5.9,59.3,11.0,12.3,2.67,111,4.4,4.6,1.3,13.2,2.4,2.7,0.59,2,30,full-prep,spicy,Modern Bistro,Gluten Free,4.25,10112,True
2026-05-26,2026-05-20,5358fbde-4f44-4aae-b6e3-8004b7b30da0,16506,Spicy Double Chicken & Mushroom Wholewheat Arrabbiata With Basil,,666,72.1,12.8,,69.6,,,1.53,,,,,,,,,2,35,full-prep,spicy,Modern Bistro,,0,0,True
2026-05-26,2026-05-20,ddac830a-7cf5-4585-ad3f-a969e12813ae,2636,Spicy Sausage & Tomato Wholewheat Spaghetti,485,937,44.9,50.3,20.8,74.1,11.9,9.1,3.44,193,9.2,10.4,4.3,15.3,2.5,1.9,0.71,3,25,full-prep,spicy,20 minute meals,,4.42,12907,True
2026-05-26,2026-05-20,f379f70b-1837-4657-96ab-b1026145821c,5569,Spring Roast Chicken Thigh Tray Bake With Thyme Gravy,560,579,36.5,27.0,8.4,50.8,8.7,8.0,1.07,103,6.5,4.8,1.5,9.1,1.6,1.4,0.19,2,40,full-prep,no spice,One Pan Wonders,Gluten Free,4.22,1481,True
2026-05-26,2026-05-20,d41e69bf-1b92-4dc1-86d8-e4e46c8cf5c6,13485,Spring Sausage Toad In The Hole With Mash & Gravy,432,582,28.7,28.7,9.5,55.7,8.6,8.6,2.09,134,6.6,6.6,2.2,12.9,2.0,2.0,0.48,1,45,full-prep,no spice,Modern Bistro,Dairy Free; Gluten Free,4.36,753,True
2026-05-26,2026-05-20,cc41be46-0df6-4bc6-910f-ac72402deb44,5489,Sriracha Hot Dog With Fiery Sesame Fries And Pickled Slaw,464,848,23.5,46.8,14.4,86.2,15.3,7.6,2.47,182,5.1,10.1,3.1,18.6,3.3,1.6,0.53,1,35,full-prep,spicy,Global Kitchen,,4.51,5058,True
2026-05-26,2026-05-20,c0a59b60-2917-4db5-a687-b1482af55409,2328,Sticky Beef & Broccoli Noodle Stir-Fry,352,638,39.0,23.8,9.3,67.4,10.5,5.1,3.44,181,11.1,6.8,2.7,19.2,3.0,1.5,0.98,2,30,full-prep,spicy,Global Kitchen,Dairy Free,4.21,44911,True
2026-05-26,2026-05-20,0e731538-e053-4bc3-bd87-600d67c788c9,13597,Sticky Pulled Mushroom Skewers W. Spicy Smashed Cucumber & Sushi Rice,,649,17.3,18.1,,84.7,,,2.0,,,,,,,,,1,35,full-prep,spicy,Global Kitchen,Vegetarian; Dairy Free,0,0,True
2026-05-26,2026-05-20,5f8a9966-4107-4c13-9b2e-c6031477c46b,8359,Sticky Sweet Chilli Pork With Rice,,523,34.5,13.7,,61.4,,,2.69,,,,,,,,,2,25,full-prep,mild,Protein Hit,Dairy Free,4.34,2394,True
2026-05-26,2026-05-20,b5769676-11af-46a4-9f32-fc73ecd06d6e,9202,Sticky Tamarind Lean Pork & Noodle Broth,342,600,38.5,15.2,4.5,76.0,18.5,2.6,2.79,175,11.3,4.4,1.3,22.2,5.4,0.8,0.81,1,10,full-prep,spicy,10-Minute,Dairy Free,0,0,True
2026-05-26,2026-05-20,ea398b42-3262-41eb-afd2-10f4c4a6be3b,6893,Sun-Dried Tomato & Goats' Cheese Fresh Orecchiette,241,533,21.5,14.3,6.7,76.7,4.0,5.3,2.09,220,8.9,5.9,2.8,31.8,1.7,2.2,0.86,1,10,full-prep,no spice,Pasta Pronto,Vegetarian,4.2,4941,True
2026-05-26,2026-05-20,6db9858d-b8a3-4c3a-9b0d-1fd6428d1f7f,4769,Sweet Chilli Basa With Veg-Packed Rice,406,552,30.6,4.2,1.0,98.7,30.9,9.4,2.58,136,7.5,1.0,0.3,24.3,7.6,2.3,0.64,2,25,full-prep,mild,20 minute meals,Dairy Free,4.21,5393,True
2026-05-26,2026-05-20,6c0d4cda-41f6-4621-a25a-127563f71db2,2353,Sweet Chilli Halloumi Burger With Quick-Pickled Cucumber,426,550,29.8,26.8,16.2,46.3,20.2,5.7,2.77,129,7.0,6.3,3.8,10.9,4.8,1.4,0.65,3,10,full-prep,mild,10-Minute,Vegetarian,4.25,19513,True
2026-05-26,2026-05-20,08495753-837e-45d7-9477-3f4ed453a0ca,739,Sweet Potato & Spinach Curry With Lemon Rice,532,567,13.1,11.3,8.5,102.4,20.2,11.5,2.06,106,2.5,2.1,1.6,19.3,3.8,2.2,0.39,5,40,full-prep,mild,Global Kitchen,Vegan; Vegetarian; Dairy Free; Gluten Free,4.21,13907,True
2026-05-26,2026-05-20,b3d38309-26b0-4359-8a52-a8c8a7584d24,15799,Tandoori Vegetable Biryani,386,621,19.7,23.9,2.3,71.7,5.8,19.7,2.47,161,5.1,6.2,0.6,18.6,1.5,5.1,0.64,2,7,heat-only,mild,Heat & Eat,Vegan; Vegetarian,0,0,True
2026-05-26,2026-05-20,4466d245-1ca4-4ccf-9bf4-d08f68eb905e,4934,"Tandoori-Style Chicken, Mint Raita And Kachumber Salad",432,479,37.6,8.4,2.1,60.4,11.2,3.8,0.77,110,8.7,1.9,0.5,14.0,2.6,0.9,0.18,2,25,full-prep,spicy,20 minute meals,Gluten Free,4.39,13085,True
2026-05-26,2026-05-20,44658624-6fc9-4300-a3b2-fbe4da507292,12147,Tangy Tomato Double Basa With Cheesy Orzo,443,520,53.6,6.6,3.3,59.4,6.8,4.5,1.57,117,12.1,1.5,0.7,13.4,1.5,1.0,0.35,2,30,full-prep,no spice,Modern Bistro,,0,0,True
2026-05-26,2026-05-20,00a28e62-696f-4d4e-a6da-e76b84f6a3f7,16496,Teriyaki Basa With Sesame Greens & Basmati Rice,290,462,29.6,8.7,1.4,63.6,12.4,2.5,2.5,159,10.2,3.0,0.5,21.9,4.3,0.9,0.86,1,15,full-prep,mild,20 minute meals,Dairy Free,0,0,True
2026-05-26,2026-05-20,ee16ae77-04ca-4edc-8307-16931b3dc3d1,15798,Thai Red Chicken Curry With Jasmine Rice,394,421,28.4,14.6,7.1,41.8,11.0,5.9,2.32,106,7.2,3.7,1.8,10.6,2.8,1.5,0.59,2,7,heat-only,mild,Heat & Eat,,0,0,True
2026-05-26,2026-05-20,7b05fe72-2142-44fd-8591-3b95853f8842,1766,Thai-Style Butternut Squash & Coconut Curry,453,481,13.0,12.9,4.4,76.3,16.0,6.3,2.35,106,2.9,2.8,1.0,16.8,3.5,1.4,0.52,3,40,full-prep,spicy,Global Kitchen,Vegan; Vegetarian; Dairy Free; Gluten Free,4.16,8585,True
2026-05-26,2026-05-20,ac2ad417-df99-44e0-a928-ca1fd0855386,4756,Thai-Style Coconut Udon Noodles With Crushed Peanuts,494,480,14.2,15.4,9.2,68.9,9.5,7.4,2.26,97,2.9,3.1,1.9,13.9,1.9,1.5,0.46,2,25,full-prep,mild,20 minute meals,Vegan; Vegetarian; Dairy Free,4.09,8166,True
2026-05-26,2026-05-20,82a151e8-40a3-4dc0-9fdd-971264e3607e,7332,"Thai-Style Sweetcorn Fritters, Coconut Rice & Sweet Chilli Sauce",372,609,14.6,19.6,9.6,90.1,21.3,7.5,2.25,163,3.9,5.3,2.6,24.2,5.7,2.0,0.6,2,30,full-prep,spicy,Global Kitchen,Vegan; Vegetarian; Dairy Free,4.34,1813,True
2026-05-26,2026-05-20,a33dd89c-c486-492f-80f3-d404075188da,9151,The Rodda’s Cream Tea Lean Beef Burger,467,601,38.9,21.4,10.4,63.4,9.1,7.7,1.83,128,8.3,4.6,2.2,13.6,1.9,1.6,0.39,2,45,full-prep,spicy,Takeaway Night,,4.45,88,True
2026-05-26,2026-05-20,e999a29c-7f39-4274-9760-ecc45f458c43,6076,Three-Cheese Corn Quesadillas With Tangy Chive Salad,348,707,23.0,36.5,15.8,71.8,13.5,7.2,2.04,203,6.6,10.5,4.5,20.6,3.9,2.1,0.59,2,30,full-prep,spicy,Global Kitchen,Vegetarian,4.37,4648,True
2026-05-26,2026-05-20,0d677c0f-9793-4286-b4c3-a0713b0bab04,6894,Tomato & Bacon Amatriciana Sauce With Fresh Orecchiette,,561,27.4,14.6,,79.5,,,2.72,,,,,,,,,1,10,full-prep,spicy,Pasta Pronto,,0,0,True
2026-05-26,2026-05-20,21ae23dc-fb6e-429d-bbbd-5a2e4ccb6be5,6259,"Tomatoey Sausage, Sage & Tenderstem Conchiglie With Crispy Onions",357,638,28.0,18.9,7.4,87.8,11.5,9.4,2.19,178,7.8,5.3,2.1,24.6,3.2,2.6,0.61,2,35,full-prep,no spice,Family Kitchen,Dairy Free,4.13,11347,True
2026-05-26,2026-05-20,f6999b3a-6cc6-441c-95d1-6025bf739c02,15619,Tonkatsu BBQ Brisket With Furikake Potato Salad & Corn Ribs,,857,40.7,52.3,,55.7,,,3.67,,,,,,,,,2,35,full-prep,mild,Gastropub,Dairy Free,0,0,True
2026-05-26,2026-05-20,d858ab91-60af-4798-a8ea-ff005a8647ef,16488,Truffle Cacio E Pepe Sauce With Fresh Tagliatelle & A Chicken Breast,388,778,49.2,30.7,16.1,75.7,2.8,3.7,1.16,200,12.7,7.9,4.2,19.5,0.7,1.0,0.3,1,25,full-prep,mild,20 minute meals,,0,0,True
2026-05-26,2026-05-20,a27282ff-ea85-40c7-bcbd-8159ce0fe3f5,7503,Tteokbokki-Style Gnocchi With Sesame Broccoli,356,490,20.3,14.9,6.0,70.2,11.2,7.6,2.67,137,5.7,4.2,1.7,19.8,3.2,2.1,0.75,3,10,full-prep,spicy,10-Minute,Vegetarian,4.38,5254,True
2026-05-26,2026-05-20,a484bf58-ae14-4981-992c-4d464ae0c2b7,1127,Tuscan Lamb & Roasted Courgette Ragù With Tortiglioni,389,699,42.8,23.0,11.2,84.5,9.5,5.8,1.51,179,11.0,5.9,2.9,21.7,2.4,1.5,0.39,2,45,full-prep,no spice,Modern Bistro,,4.34,17234,True
2026-05-26,2026-05-20,8398db42-5f43-41a3-abd2-733be622eba7,13106,"Ultimate Creamy Chicken, Leek & Bacon Pie With Dill Pastry",,810,49.1,38.4,,67.5,,,3.02,,,,,,,,,2,60,full-prep,no spice,Gastropub,,4.64,173,True
2026-05-26,2026-05-20,75db7c4d-160b-4611-9f2b-0592b0bc5de6,8800,Ultimate Fish & Chips With Stout-Battered Sole And Crushed Peas,536,514,30.9,14.4,1.3,69.9,9.4,9.6,1.12,95,5.8,2.7,0.3,13.1,1.8,1.8,0.21,1,45,full-prep,no spice,Gastropub,Dairy Free,4.1,70,True
2026-05-26,2026-05-20,a4eb3438-9ee6-473f-8c74-e6472de59d46,7001,Umami Portobello & Chestnut Mushroom Pie,478,440,16.3,19.9,8.8,49.2,15.4,10.6,2.31,92,3.4,4.2,1.8,10.3,3.2,2.2,0.48,5,45,full-prep,no spice,Veg Boost,Vegan; Vegetarian; Dairy Free,4.23,5712,True
2026-05-26,2026-05-20,e27d43b3-ed8d-4ab1-8874-7b9f1e025d98,15741,Wagyu Cheeseburger With Caramelised Onion & Truffle Mayo,,1147,38.4,80.9,,66.6,,,2.01,,,,,,,,,1,35,full-prep,no spice,Ultimate Fakeaway,,0,0,True
2026-05-26,2026-05-20,9e1d5e64-4385-45aa-8ed3-fceaf0a8866c,2622,Zingy Basa With Lime & Chilli Noodles,334,406,30.8,9.1,1.5,47.3,5.8,8.0,2.26,121,9.2,2.7,0.5,14.2,1.7,2.4,0.68,1,10,full-prep,spicy,10-Minute,Dairy Free,4.18,20693,True
2026-05-26,2026-05-20,de80b6b5-6503-4fa8-bc37-f6f939327006,7347,Zingy Honey Sriracha Salmon Tacos With Sesame Lime Slaw,457,707,33.3,31.6,6.6,72.2,18.0,5.3,1.33,154,7.3,6.9,1.4,15.8,3.9,1.2,0.29,2,20,full-prep,spicy,Protein Hit,Dairy Free,4.33,1465,True
